timeseries,dataType
root.DianChang.d1.sensor1,FLOAT
root.DianChang.d1.sensor2,FLOAT
root.DianChang.d1.sensor3,FLOAT
root.DianChang.d1.sensor4,FLOAT
root.DianChang.d1.sensor5,FLOAT
root.DianChang.d1.sensor6,FLOAT
root.DianChang.d1.sensor7,FLOAT
root.DianChang.d1.sensor8,FLOAT
root.DianChang.d1.sensor9,FLOAT
root.DianChang.d1.sensor10,FLOAT
root.DianChang.d1.sensor11,FLOAT
root.DianChang.d1.sensor12,FLOAT
root.DianChang.d1.sensor13,FLOAT
root.DianChang.d1.sensor14,FLOAT
root.DianChang.d1.sensor15,FLOAT
root.DianChang.d1.sensor16,FLOAT
root.DianChang.d1.sensor17,FLOAT
root.DianChang.d1.sensor18,FLOAT
root.DianChang.d1.sensor19,FLOAT
root.DianChang.d1.sensor20,FLOAT
root.DianChang.d1.sensor21,FLOAT
root.DianChang.d1.sensor22,FLOAT
root.DianChang.d1.sensor23,FLOAT
root.DianChang.d1.sensor24,FLOAT
root.DianChang.d1.sensor25,FLOAT
root.DianChang.d1.sensor26,FLOAT
root.DianChang.d1.sensor27,FLOAT
root.DianChang.d1.sensor28,FLOAT
root.DianChang.d1.sensor29,FLOAT
root.DianChang.d1.sensor30,FLOAT
root.DianChang.d1.sensor31,FLOAT
root.DianChang.d1.sensor32,FLOAT
root.DianChang.d1.sensor33,FLOAT
root.DianChang.d1.sensor34,FLOAT
root.DianChang.d1.sensor35,FLOAT
root.DianChang.d1.sensor36,FLOAT
root.DianChang.d1.sensor37,FLOAT
root.DianChang.d1.sensor38,FLOAT
root.DianChang.d1.sensor39,FLOAT
root.DianChang.d1.sensor40,FLOAT
root.DianChang.d1.sensor41,FLOAT
root.DianChang.d1.sensor42,FLOAT
root.DianChang.d1.sensor43,FLOAT
root.DianChang.d1.sensor44,FLOAT
root.DianChang.d1.sensor45,FLOAT
root.DianChang.d1.sensor46,FLOAT
root.DianChang.d1.sensor47,FLOAT
root.DianChang.d1.sensor48,FLOAT
root.DianChang.d1.sensor49,FLOAT
root.DianChang.d1.sensor50,FLOAT
root.DianChang.d1.sensor51,FLOAT
root.DianChang.d1.sensor52,FLOAT
root.DianChang.d1.sensor53,FLOAT
root.DianChang.d1.sensor54,FLOAT
root.DianChang.d1.sensor55,FLOAT
root.DianChang.d1.sensor56,FLOAT
root.DianChang.d1.sensor57,FLOAT
root.DianChang.d1.sensor58,FLOAT
root.DianChang.d1.sensor59,FLOAT
root.DianChang.d1.sensor60,FLOAT
root.DianChang.d1.sensor61,FLOAT
root.DianChang.d1.sensor62,FLOAT
root.DianChang.d1.sensor63,FLOAT
root.DianChang.d1.sensor64,FLOAT
root.DianChang.d1.sensor65,FLOAT
root.DianChang.d1.sensor66,FLOAT
root.DianChang.d1.sensor67,FLOAT
root.DianChang.d1.sensor68,FLOAT
root.DianChang.d1.sensor69,FLOAT
root.DianChang.d1.sensor70,FLOAT
root.DianChang.d1.sensor71,FLOAT
root.DianChang.d1.sensor72,FLOAT
root.DianChang.d1.sensor73,FLOAT
root.DianChang.d1.sensor74,FLOAT
root.DianChang.d1.sensor75,FLOAT
root.DianChang.d1.sensor76,FLOAT
root.DianChang.d1.sensor77,FLOAT
root.DianChang.d1.sensor78,FLOAT
root.DianChang.d1.sensor79,FLOAT
root.DianChang.d1.sensor80,FLOAT
root.DianChang.d1.sensor81,FLOAT
root.DianChang.d1.sensor82,FLOAT
root.DianChang.d1.sensor83,FLOAT
root.DianChang.d1.sensor84,FLOAT
root.DianChang.d1.sensor85,FLOAT
root.DianChang.d1.sensor86,FLOAT
root.DianChang.d1.sensor87,FLOAT
root.DianChang.d1.sensor88,FLOAT
root.DianChang.d1.sensor89,FLOAT
root.DianChang.d1.sensor90,FLOAT
root.DianChang.d1.sensor91,FLOAT
root.DianChang.d1.sensor92,FLOAT
root.DianChang.d1.sensor93,FLOAT
root.DianChang.d1.sensor94,FLOAT
root.DianChang.d1.sensor95,FLOAT
root.DianChang.d1.sensor96,FLOAT
root.DianChang.d1.sensor97,FLOAT
root.DianChang.d1.sensor98,FLOAT
root.DianChang.d1.sensor99,FLOAT
root.DianChang.d1.sensor100,FLOAT
root.DianChang.d1.sensor101,FLOAT
root.DianChang.d1.sensor102,FLOAT
root.DianChang.d1.sensor103,FLOAT
root.DianChang.d1.sensor104,FLOAT
root.DianChang.d1.sensor105,FLOAT
root.DianChang.d1.sensor106,FLOAT
root.DianChang.d1.sensor107,FLOAT
root.DianChang.d1.sensor108,FLOAT
root.DianChang.d1.sensor109,FLOAT
root.DianChang.d1.sensor110,FLOAT
root.DianChang.d1.sensor111,FLOAT
root.DianChang.d1.sensor112,FLOAT
root.DianChang.d1.sensor113,FLOAT
root.DianChang.d1.sensor114,FLOAT
root.DianChang.d1.sensor115,FLOAT
root.DianChang.d1.sensor116,FLOAT
root.DianChang.d1.sensor117,FLOAT
root.DianChang.d1.sensor118,FLOAT
root.DianChang.d1.sensor119,FLOAT
root.DianChang.d1.sensor120,FLOAT
root.DianChang.d1.sensor121,FLOAT
root.DianChang.d1.sensor122,FLOAT
root.DianChang.d1.sensor123,FLOAT
root.DianChang.d1.sensor124,FLOAT
root.DianChang.d1.sensor125,FLOAT
root.DianChang.d1.sensor126,FLOAT
root.DianChang.d1.sensor127,FLOAT
root.DianChang.d1.sensor128,FLOAT
root.DianChang.d1.sensor129,FLOAT
root.DianChang.d1.sensor130,FLOAT
root.DianChang.d1.sensor131,FLOAT
root.DianChang.d1.sensor132,FLOAT
root.DianChang.d1.sensor133,FLOAT
root.DianChang.d1.sensor134,FLOAT
root.DianChang.d1.sensor135,FLOAT
root.DianChang.d1.sensor136,FLOAT
root.DianChang.d1.sensor137,FLOAT
root.DianChang.d1.sensor138,FLOAT
root.DianChang.d1.sensor139,FLOAT
root.DianChang.d1.sensor140,FLOAT
root.DianChang.d1.sensor141,FLOAT
root.DianChang.d1.sensor142,FLOAT
root.DianChang.d1.sensor143,FLOAT
root.DianChang.d1.sensor144,FLOAT
root.DianChang.d1.sensor145,FLOAT
root.DianChang.d1.sensor146,FLOAT
root.DianChang.d1.sensor147,FLOAT
root.DianChang.d1.sensor148,FLOAT
root.DianChang.d1.sensor149,FLOAT
root.DianChang.d1.sensor150,FLOAT
root.DianChang.d1.sensor151,FLOAT
root.DianChang.d1.sensor152,FLOAT
root.DianChang.d1.sensor153,FLOAT
root.DianChang.d1.sensor154,FLOAT
root.DianChang.d1.sensor155,FLOAT
root.DianChang.d1.sensor156,FLOAT
root.DianChang.d1.sensor157,FLOAT
root.DianChang.d1.sensor158,FLOAT
root.DianChang.d1.sensor159,FLOAT
root.DianChang.d1.sensor160,FLOAT
root.DianChang.d1.sensor161,FLOAT
root.DianChang.d1.sensor162,FLOAT
root.DianChang.d1.sensor163,FLOAT
root.DianChang.d1.sensor164,FLOAT
root.DianChang.d1.sensor165,FLOAT
root.DianChang.d1.sensor166,FLOAT
root.DianChang.d1.sensor167,FLOAT
root.DianChang.d1.sensor168,FLOAT
root.DianChang.d1.sensor169,FLOAT
root.DianChang.d1.sensor170,FLOAT
root.DianChang.d1.sensor171,FLOAT
root.DianChang.d1.sensor172,FLOAT
root.DianChang.d1.sensor173,FLOAT
root.DianChang.d1.sensor174,FLOAT
root.DianChang.d1.sensor175,FLOAT
root.DianChang.d1.sensor176,FLOAT
root.DianChang.d1.sensor177,FLOAT
root.DianChang.d1.sensor178,FLOAT
root.DianChang.d1.sensor179,FLOAT
root.DianChang.d1.sensor180,FLOAT
root.DianChang.d1.sensor181,FLOAT
root.DianChang.d1.sensor182,FLOAT
root.DianChang.d1.sensor183,FLOAT
root.DianChang.d1.sensor184,FLOAT
root.DianChang.d1.sensor185,FLOAT
root.DianChang.d1.sensor186,FLOAT
root.DianChang.d1.sensor187,FLOAT
root.DianChang.d1.sensor188,FLOAT
root.DianChang.d1.sensor189,FLOAT
root.DianChang.d1.sensor190,FLOAT
root.DianChang.d1.sensor191,FLOAT
root.DianChang.d1.sensor192,FLOAT
root.DianChang.d1.sensor193,FLOAT
root.DianChang.d1.sensor194,FLOAT
root.DianChang.d1.sensor195,FLOAT
root.DianChang.d1.sensor196,FLOAT
root.DianChang.d1.sensor197,FLOAT
root.DianChang.d1.sensor198,FLOAT
root.DianChang.d1.sensor199,FLOAT
root.DianChang.d1.sensor200,FLOAT
root.DianChang.d1.sensor201,FLOAT
root.DianChang.d1.sensor202,FLOAT
root.DianChang.d1.sensor203,FLOAT
root.DianChang.d1.sensor204,FLOAT
root.DianChang.d1.sensor205,FLOAT
root.DianChang.d1.sensor206,FLOAT
root.DianChang.d1.sensor207,FLOAT
root.DianChang.d1.sensor208,FLOAT
root.DianChang.d1.sensor209,FLOAT
root.DianChang.d1.sensor210,FLOAT
root.DianChang.d1.sensor211,FLOAT
root.DianChang.d1.sensor212,FLOAT
root.DianChang.d1.sensor213,FLOAT
root.DianChang.d1.sensor214,FLOAT
root.DianChang.d1.sensor215,FLOAT
root.DianChang.d1.sensor216,FLOAT
root.DianChang.d1.sensor217,FLOAT
root.DianChang.d1.sensor218,FLOAT
root.DianChang.d1.sensor219,FLOAT
root.DianChang.d1.sensor220,FLOAT
root.DianChang.d1.sensor221,FLOAT
root.DianChang.d1.sensor222,FLOAT
root.DianChang.d1.sensor223,FLOAT
root.DianChang.d1.sensor224,FLOAT
root.DianChang.d1.sensor225,FLOAT
root.DianChang.d1.sensor226,FLOAT
root.DianChang.d1.sensor227,FLOAT
root.DianChang.d1.sensor228,FLOAT
root.DianChang.d1.sensor229,FLOAT
root.DianChang.d1.sensor230,FLOAT
root.DianChang.d1.sensor231,FLOAT
root.DianChang.d1.sensor232,FLOAT
root.DianChang.d1.sensor233,FLOAT
root.DianChang.d1.sensor234,FLOAT
root.DianChang.d1.sensor235,FLOAT
root.DianChang.d1.sensor236,FLOAT
root.DianChang.d1.sensor237,FLOAT
root.DianChang.d1.sensor238,FLOAT
root.DianChang.d1.sensor239,FLOAT
root.DianChang.d1.sensor240,FLOAT
root.DianChang.d1.sensor241,FLOAT
root.DianChang.d1.sensor242,FLOAT
root.DianChang.d1.sensor243,FLOAT
root.DianChang.d1.sensor244,FLOAT
root.DianChang.d1.sensor245,FLOAT
root.DianChang.d1.sensor246,FLOAT
root.DianChang.d1.sensor247,FLOAT
root.DianChang.d1.sensor248,FLOAT
root.DianChang.d1.sensor249,FLOAT
root.DianChang.d1.sensor250,FLOAT
root.DianChang.d1.sensor251,FLOAT
root.DianChang.d1.sensor252,FLOAT
root.DianChang.d1.sensor253,FLOAT
root.DianChang.d1.sensor254,FLOAT
root.DianChang.d1.sensor255,FLOAT
root.DianChang.d1.sensor256,FLOAT
root.DianChang.d1.sensor257,FLOAT
root.DianChang.d1.sensor258,FLOAT
root.DianChang.d1.sensor259,FLOAT
root.DianChang.d1.sensor260,FLOAT
root.DianChang.d1.sensor261,FLOAT
root.DianChang.d1.sensor262,FLOAT
root.DianChang.d1.sensor263,FLOAT
root.DianChang.d1.sensor264,FLOAT
root.DianChang.d1.sensor265,FLOAT
root.DianChang.d1.sensor266,FLOAT
root.DianChang.d1.sensor267,FLOAT
root.DianChang.d1.sensor268,FLOAT
root.DianChang.d1.sensor269,FLOAT
root.DianChang.d1.sensor270,FLOAT
root.DianChang.d1.sensor271,FLOAT
root.DianChang.d1.sensor272,FLOAT
root.DianChang.d1.sensor273,FLOAT
root.DianChang.d1.sensor274,FLOAT
root.DianChang.d1.sensor275,FLOAT
root.DianChang.d1.sensor276,FLOAT
root.DianChang.d1.sensor277,FLOAT
root.DianChang.d1.sensor278,FLOAT
root.DianChang.d1.sensor279,FLOAT
root.DianChang.d1.sensor280,FLOAT
root.DianChang.d1.sensor281,FLOAT
root.DianChang.d1.sensor282,FLOAT
root.DianChang.d1.sensor283,FLOAT
root.DianChang.d1.sensor284,FLOAT
root.DianChang.d1.sensor285,FLOAT
root.DianChang.d1.sensor286,FLOAT
root.DianChang.d1.sensor287,FLOAT
root.DianChang.d1.sensor288,FLOAT
root.DianChang.d1.sensor289,FLOAT
root.DianChang.d1.sensor290,FLOAT
root.DianChang.d1.sensor291,FLOAT
root.DianChang.d1.sensor292,FLOAT
root.DianChang.d1.sensor293,FLOAT
root.DianChang.d1.sensor294,FLOAT
root.DianChang.d1.sensor295,FLOAT
root.DianChang.d1.sensor296,FLOAT
root.DianChang.d1.sensor297,FLOAT
root.DianChang.d1.sensor298,FLOAT
root.DianChang.d1.sensor299,FLOAT
root.DianChang.d1.sensor300,FLOAT
root.DianChang.d1.sensor301,FLOAT
root.DianChang.d1.sensor302,FLOAT
root.DianChang.d1.sensor303,FLOAT
root.DianChang.d1.sensor304,FLOAT
root.DianChang.d1.sensor305,FLOAT
root.DianChang.d1.sensor306,FLOAT
root.DianChang.d1.sensor307,FLOAT
root.DianChang.d1.sensor308,FLOAT
root.DianChang.d1.sensor309,FLOAT
root.DianChang.d1.sensor310,FLOAT
root.DianChang.d1.sensor311,FLOAT
root.DianChang.d1.sensor312,FLOAT
root.DianChang.d1.sensor313,FLOAT
root.DianChang.d1.sensor314,FLOAT
root.DianChang.d1.sensor315,FLOAT
root.DianChang.d1.sensor316,FLOAT
root.DianChang.d1.sensor317,FLOAT
root.DianChang.d1.sensor318,FLOAT
root.DianChang.d1.sensor319,FLOAT
root.DianChang.d1.sensor320,FLOAT
root.DianChang.d1.sensor321,FLOAT
root.DianChang.d1.sensor322,FLOAT
root.DianChang.d1.sensor323,FLOAT
root.DianChang.d1.sensor324,FLOAT
root.DianChang.d1.sensor325,FLOAT
root.DianChang.d1.sensor326,FLOAT
root.DianChang.d1.sensor327,FLOAT
root.DianChang.d1.sensor328,FLOAT
root.DianChang.d1.sensor329,FLOAT
root.DianChang.d1.sensor330,FLOAT
root.DianChang.d1.sensor331,FLOAT
root.DianChang.d1.sensor332,FLOAT
root.DianChang.d1.sensor333,FLOAT
root.DianChang.d1.sensor334,FLOAT
root.DianChang.d1.sensor335,FLOAT
root.DianChang.d1.sensor336,FLOAT
root.DianChang.d1.sensor337,FLOAT
root.DianChang.d1.sensor338,FLOAT
root.DianChang.d1.sensor339,FLOAT
root.DianChang.d1.sensor340,FLOAT
root.DianChang.d1.sensor341,FLOAT
root.DianChang.d1.sensor342,FLOAT
root.DianChang.d1.sensor343,FLOAT
root.DianChang.d1.sensor344,FLOAT
root.DianChang.d1.sensor345,FLOAT
root.DianChang.d1.sensor346,FLOAT
root.DianChang.d1.sensor347,FLOAT
root.DianChang.d1.sensor348,FLOAT
root.DianChang.d1.sensor349,FLOAT
root.DianChang.d1.sensor350,FLOAT
root.DianChang.d1.sensor351,FLOAT
root.DianChang.d1.sensor352,FLOAT
root.DianChang.d1.sensor353,FLOAT
root.DianChang.d1.sensor354,FLOAT
root.DianChang.d1.sensor355,FLOAT
root.DianChang.d1.sensor356,FLOAT
root.DianChang.d1.sensor357,FLOAT
root.DianChang.d1.sensor358,FLOAT
root.DianChang.d1.sensor359,FLOAT
root.DianChang.d1.sensor360,FLOAT
root.DianChang.d1.sensor361,FLOAT
root.DianChang.d1.sensor362,FLOAT
root.DianChang.d1.sensor363,FLOAT
root.DianChang.d1.sensor364,FLOAT
root.DianChang.d1.sensor365,FLOAT
root.DianChang.d1.sensor366,FLOAT
root.DianChang.d1.sensor367,FLOAT
root.DianChang.d1.sensor368,FLOAT
root.DianChang.d1.sensor369,FLOAT
root.DianChang.d1.sensor370,FLOAT
root.DianChang.d1.sensor371,FLOAT
root.DianChang.d1.sensor372,FLOAT
root.DianChang.d1.sensor373,FLOAT
root.DianChang.d1.sensor374,FLOAT
root.DianChang.d1.sensor375,FLOAT
root.DianChang.d1.sensor376,FLOAT
root.DianChang.d1.sensor377,FLOAT
root.DianChang.d1.sensor378,FLOAT
root.DianChang.d1.sensor379,FLOAT
root.DianChang.d1.sensor380,FLOAT
root.DianChang.d1.sensor381,FLOAT
root.DianChang.d1.sensor382,FLOAT
root.DianChang.d1.sensor383,FLOAT
root.DianChang.d1.sensor384,FLOAT
root.DianChang.d1.sensor385,FLOAT
root.DianChang.d1.sensor386,FLOAT
root.DianChang.d1.sensor387,FLOAT
root.DianChang.d1.sensor388,FLOAT
root.DianChang.d1.sensor389,FLOAT
root.DianChang.d1.sensor390,FLOAT
root.DianChang.d1.sensor391,FLOAT
root.DianChang.d1.sensor392,FLOAT
root.DianChang.d1.sensor393,FLOAT
root.DianChang.d1.sensor394,FLOAT
root.DianChang.d1.sensor395,FLOAT
root.DianChang.d1.sensor396,FLOAT
root.DianChang.d1.sensor397,FLOAT
root.DianChang.d1.sensor398,FLOAT
root.DianChang.d1.sensor399,FLOAT
root.DianChang.d1.sensor400,FLOAT
root.DianChang.d1.sensor401,FLOAT
root.DianChang.d1.sensor402,FLOAT
root.DianChang.d1.sensor403,FLOAT
root.DianChang.d1.sensor404,FLOAT
root.DianChang.d1.sensor405,FLOAT
root.DianChang.d1.sensor406,FLOAT
root.DianChang.d1.sensor407,FLOAT
root.DianChang.d1.sensor408,FLOAT
root.DianChang.d1.sensor409,FLOAT
root.DianChang.d1.sensor410,FLOAT
root.DianChang.d1.sensor411,FLOAT
root.DianChang.d1.sensor412,FLOAT
root.DianChang.d1.sensor413,FLOAT
root.DianChang.d1.sensor414,FLOAT
root.DianChang.d1.sensor415,FLOAT
root.DianChang.d1.sensor416,FLOAT
root.DianChang.d1.sensor417,FLOAT
root.DianChang.d1.sensor418,FLOAT
root.DianChang.d1.sensor419,FLOAT
root.DianChang.d1.sensor420,FLOAT
root.DianChang.d1.sensor421,FLOAT
root.DianChang.d1.sensor422,FLOAT
root.DianChang.d1.sensor423,FLOAT
root.DianChang.d1.sensor424,FLOAT
root.DianChang.d1.sensor425,FLOAT
root.DianChang.d1.sensor426,FLOAT
root.DianChang.d1.sensor427,FLOAT
root.DianChang.d1.sensor428,FLOAT
root.DianChang.d1.sensor429,FLOAT
root.DianChang.d1.sensor430,FLOAT
root.DianChang.d1.sensor431,FLOAT
root.DianChang.d1.sensor432,FLOAT
root.DianChang.d1.sensor433,FLOAT
root.DianChang.d1.sensor434,FLOAT
root.DianChang.d1.sensor435,FLOAT
root.DianChang.d1.sensor436,FLOAT
root.DianChang.d1.sensor437,FLOAT
root.DianChang.d1.sensor438,FLOAT
root.DianChang.d1.sensor439,FLOAT
root.DianChang.d1.sensor440,FLOAT
root.DianChang.d1.sensor441,FLOAT
root.DianChang.d1.sensor442,FLOAT
root.DianChang.d1.sensor443,FLOAT
root.DianChang.d1.sensor444,FLOAT
root.DianChang.d1.sensor445,FLOAT
root.DianChang.d1.sensor446,FLOAT
root.DianChang.d1.sensor447,FLOAT
root.DianChang.d1.sensor448,FLOAT
root.DianChang.d1.sensor449,FLOAT
root.DianChang.d1.sensor450,FLOAT
root.DianChang.d1.sensor451,FLOAT
root.DianChang.d1.sensor452,FLOAT
root.DianChang.d1.sensor453,FLOAT
root.DianChang.d1.sensor454,FLOAT
root.DianChang.d1.sensor455,FLOAT
root.DianChang.d1.sensor456,FLOAT
root.DianChang.d1.sensor457,FLOAT
root.DianChang.d1.sensor458,FLOAT
root.DianChang.d1.sensor459,FLOAT
root.DianChang.d1.sensor460,FLOAT
root.DianChang.d1.sensor461,FLOAT
root.DianChang.d1.sensor462,FLOAT
root.DianChang.d1.sensor463,FLOAT
root.DianChang.d1.sensor464,FLOAT
root.DianChang.d1.sensor465,FLOAT
root.DianChang.d1.sensor466,FLOAT
root.DianChang.d1.sensor467,FLOAT
root.DianChang.d1.sensor468,FLOAT
root.DianChang.d1.sensor469,FLOAT
root.DianChang.d1.sensor470,FLOAT
root.DianChang.d1.sensor471,FLOAT
root.DianChang.d1.sensor472,FLOAT
root.DianChang.d1.sensor473,FLOAT
root.DianChang.d1.sensor474,FLOAT
root.DianChang.d1.sensor475,FLOAT
root.DianChang.d1.sensor476,FLOAT
root.DianChang.d1.sensor477,FLOAT
root.DianChang.d1.sensor478,FLOAT
root.DianChang.d1.sensor479,FLOAT
root.DianChang.d1.sensor480,FLOAT
root.DianChang.d1.sensor481,FLOAT
root.DianChang.d1.sensor482,FLOAT
root.DianChang.d1.sensor483,FLOAT
root.DianChang.d1.sensor484,FLOAT
root.DianChang.d1.sensor485,FLOAT
root.DianChang.d1.sensor486,FLOAT
root.DianChang.d1.sensor487,FLOAT
root.DianChang.d1.sensor488,FLOAT
root.DianChang.d1.sensor489,FLOAT
root.DianChang.d1.sensor490,FLOAT
root.DianChang.d1.sensor491,FLOAT
root.DianChang.d1.sensor492,FLOAT
root.DianChang.d1.sensor493,FLOAT
root.DianChang.d1.sensor494,FLOAT
root.DianChang.d1.sensor495,FLOAT
root.DianChang.d1.sensor496,FLOAT
root.DianChang.d1.sensor497,FLOAT
root.DianChang.d1.sensor498,FLOAT
root.DianChang.d1.sensor499,FLOAT
root.DianChang.d1.sensor500,FLOAT
root.DianChang.d1.sensor501,FLOAT
root.DianChang.d1.sensor502,FLOAT
root.DianChang.d1.sensor503,FLOAT
root.DianChang.d1.sensor504,FLOAT
root.DianChang.d1.sensor505,FLOAT
root.DianChang.d1.sensor506,FLOAT
root.DianChang.d1.sensor507,FLOAT
root.DianChang.d1.sensor508,FLOAT
root.DianChang.d1.sensor509,FLOAT
root.DianChang.d1.sensor510,FLOAT
root.DianChang.d1.sensor511,FLOAT
root.DianChang.d1.sensor512,FLOAT
root.DianChang.d1.sensor513,FLOAT
root.DianChang.d1.sensor514,FLOAT
root.DianChang.d1.sensor515,FLOAT
root.DianChang.d1.sensor516,FLOAT
root.DianChang.d1.sensor517,FLOAT
root.DianChang.d1.sensor518,FLOAT
root.DianChang.d1.sensor519,FLOAT
root.DianChang.d1.sensor520,FLOAT
root.DianChang.d1.sensor521,FLOAT
root.DianChang.d1.sensor522,FLOAT
root.DianChang.d1.sensor523,FLOAT
root.DianChang.d1.sensor524,FLOAT
root.DianChang.d1.sensor525,FLOAT
root.DianChang.d1.sensor526,FLOAT
root.DianChang.d1.sensor527,FLOAT
root.DianChang.d1.sensor528,FLOAT
root.DianChang.d1.sensor529,FLOAT
root.DianChang.d1.sensor530,FLOAT
root.DianChang.d1.sensor531,FLOAT
root.DianChang.d1.sensor532,FLOAT
root.DianChang.d1.sensor533,FLOAT
root.DianChang.d1.sensor534,FLOAT
root.DianChang.d1.sensor535,FLOAT
root.DianChang.d1.sensor536,FLOAT
root.DianChang.d1.sensor537,FLOAT
root.DianChang.d1.sensor538,FLOAT
root.DianChang.d1.sensor539,FLOAT
root.DianChang.d1.sensor540,FLOAT
root.DianChang.d1.sensor541,FLOAT
root.DianChang.d1.sensor542,FLOAT
root.DianChang.d1.sensor543,FLOAT
root.DianChang.d1.sensor544,FLOAT
root.DianChang.d1.sensor545,FLOAT
root.DianChang.d1.sensor546,FLOAT
root.DianChang.d1.sensor547,FLOAT
root.DianChang.d1.sensor548,FLOAT
root.DianChang.d1.sensor549,FLOAT
root.DianChang.d1.sensor550,FLOAT
root.DianChang.d1.sensor551,FLOAT
root.DianChang.d1.sensor552,FLOAT
root.DianChang.d1.sensor553,FLOAT
root.DianChang.d1.sensor554,FLOAT
root.DianChang.d1.sensor555,FLOAT
root.DianChang.d1.sensor556,FLOAT
root.DianChang.d1.sensor557,FLOAT
root.DianChang.d1.sensor558,FLOAT
root.DianChang.d1.sensor559,FLOAT
root.DianChang.d1.sensor560,FLOAT
root.DianChang.d1.sensor561,FLOAT
root.DianChang.d1.sensor562,FLOAT
root.DianChang.d1.sensor563,FLOAT
root.DianChang.d1.sensor564,FLOAT
root.DianChang.d1.sensor565,FLOAT
root.DianChang.d1.sensor566,FLOAT
root.DianChang.d1.sensor567,FLOAT
root.DianChang.d1.sensor568,FLOAT
root.DianChang.d1.sensor569,FLOAT
root.DianChang.d1.sensor570,FLOAT
root.DianChang.d1.sensor571,FLOAT
root.DianChang.d1.sensor572,FLOAT
root.DianChang.d1.sensor573,FLOAT
root.DianChang.d1.sensor574,FLOAT
root.DianChang.d1.sensor575,FLOAT
root.DianChang.d1.sensor576,FLOAT
root.DianChang.d1.sensor577,FLOAT
root.DianChang.d1.sensor578,FLOAT
root.DianChang.d1.sensor579,FLOAT
root.DianChang.d1.sensor580,FLOAT
root.DianChang.d1.sensor581,FLOAT
root.DianChang.d1.sensor582,FLOAT
root.DianChang.d1.sensor583,FLOAT
root.DianChang.d1.sensor584,FLOAT
root.DianChang.d1.sensor585,FLOAT
root.DianChang.d1.sensor586,FLOAT
root.DianChang.d1.sensor587,FLOAT
root.DianChang.d1.sensor588,FLOAT
root.DianChang.d1.sensor589,FLOAT
root.DianChang.d1.sensor590,FLOAT
root.DianChang.d1.sensor591,FLOAT
root.DianChang.d1.sensor592,FLOAT
root.DianChang.d1.sensor593,FLOAT
root.DianChang.d1.sensor594,FLOAT
root.DianChang.d1.sensor595,FLOAT
root.DianChang.d1.sensor596,FLOAT
root.DianChang.d1.sensor597,FLOAT
root.DianChang.d1.sensor598,FLOAT
root.DianChang.d1.sensor599,FLOAT
root.DianChang.d1.sensor600,FLOAT
root.DianChang.d1.sensor601,FLOAT
root.DianChang.d1.sensor602,FLOAT
root.DianChang.d1.sensor603,FLOAT
root.DianChang.d1.sensor604,FLOAT
root.DianChang.d1.sensor605,FLOAT
root.DianChang.d1.sensor606,FLOAT
root.DianChang.d1.sensor607,FLOAT
root.DianChang.d1.sensor608,FLOAT
root.DianChang.d1.sensor609,FLOAT
root.DianChang.d1.sensor610,FLOAT
root.DianChang.d1.sensor611,FLOAT
root.DianChang.d1.sensor612,FLOAT
root.DianChang.d1.sensor613,FLOAT
root.DianChang.d1.sensor614,FLOAT
root.DianChang.d1.sensor615,FLOAT
root.DianChang.d1.sensor616,FLOAT
root.DianChang.d1.sensor617,FLOAT
root.DianChang.d1.sensor618,FLOAT
root.DianChang.d1.sensor619,FLOAT
root.DianChang.d1.sensor620,FLOAT
root.DianChang.d1.sensor621,FLOAT
root.DianChang.d1.sensor622,FLOAT
root.DianChang.d1.sensor623,FLOAT
root.DianChang.d1.sensor624,FLOAT
root.DianChang.d1.sensor625,FLOAT
root.DianChang.d1.sensor626,FLOAT
root.DianChang.d1.sensor627,FLOAT
root.DianChang.d1.sensor628,FLOAT
root.DianChang.d1.sensor629,FLOAT
root.DianChang.d1.sensor630,FLOAT
root.DianChang.d1.sensor631,FLOAT
root.DianChang.d1.sensor632,FLOAT
root.DianChang.d1.sensor633,FLOAT
root.DianChang.d1.sensor634,FLOAT
root.DianChang.d1.sensor635,FLOAT
root.DianChang.d1.sensor636,FLOAT
root.DianChang.d1.sensor637,FLOAT
root.DianChang.d1.sensor638,FLOAT
root.DianChang.d1.sensor639,FLOAT
root.DianChang.d1.sensor640,FLOAT
root.DianChang.d1.sensor641,FLOAT
root.DianChang.d1.sensor642,FLOAT
root.DianChang.d1.sensor643,FLOAT
root.DianChang.d1.sensor644,FLOAT
root.DianChang.d1.sensor645,FLOAT
root.DianChang.d1.sensor646,FLOAT
root.DianChang.d1.sensor647,FLOAT
root.DianChang.d1.sensor648,FLOAT
root.DianChang.d1.sensor649,FLOAT
root.DianChang.d1.sensor650,FLOAT
root.DianChang.d1.sensor651,FLOAT
root.DianChang.d1.sensor652,FLOAT
root.DianChang.d1.sensor653,FLOAT
root.DianChang.d1.sensor654,FLOAT
root.DianChang.d1.sensor655,FLOAT
root.DianChang.d1.sensor656,FLOAT
root.DianChang.d1.sensor657,FLOAT
root.DianChang.d1.sensor658,FLOAT
root.DianChang.d1.sensor659,FLOAT
root.DianChang.d1.sensor660,FLOAT
root.DianChang.d1.sensor661,FLOAT
root.DianChang.d1.sensor662,FLOAT
root.DianChang.d1.sensor663,FLOAT
root.DianChang.d1.sensor664,FLOAT
root.DianChang.d1.sensor665,FLOAT
root.DianChang.d1.sensor666,FLOAT
root.DianChang.d1.sensor667,FLOAT
root.DianChang.d1.sensor668,FLOAT
root.DianChang.d1.sensor669,FLOAT
root.DianChang.d1.sensor670,FLOAT
root.DianChang.d1.sensor671,FLOAT
root.DianChang.d1.sensor672,FLOAT
root.DianChang.d1.sensor673,FLOAT
root.DianChang.d1.sensor674,FLOAT
root.DianChang.d1.sensor675,FLOAT
root.DianChang.d1.sensor676,FLOAT
root.DianChang.d1.sensor677,FLOAT
root.DianChang.d1.sensor678,FLOAT
root.DianChang.d1.sensor679,FLOAT
root.DianChang.d1.sensor680,FLOAT
root.DianChang.d1.sensor681,FLOAT
root.DianChang.d1.sensor682,FLOAT
root.DianChang.d1.sensor683,FLOAT
root.DianChang.d1.sensor684,FLOAT
root.DianChang.d1.sensor685,FLOAT
root.DianChang.d1.sensor686,FLOAT
root.DianChang.d1.sensor687,FLOAT
root.DianChang.d1.sensor688,FLOAT
root.DianChang.d1.sensor689,FLOAT
root.DianChang.d1.sensor690,FLOAT
root.DianChang.d1.sensor691,FLOAT
root.DianChang.d1.sensor692,FLOAT
root.DianChang.d1.sensor693,FLOAT
root.DianChang.d1.sensor694,FLOAT
root.DianChang.d1.sensor695,FLOAT
root.DianChang.d1.sensor696,FLOAT
root.DianChang.d1.sensor697,FLOAT
root.DianChang.d1.sensor698,FLOAT
root.DianChang.d1.sensor699,FLOAT
root.DianChang.d1.sensor700,FLOAT
root.DianChang.d1.sensor701,FLOAT
root.DianChang.d1.sensor702,FLOAT
root.DianChang.d1.sensor703,FLOAT
root.DianChang.d1.sensor704,FLOAT
root.DianChang.d1.sensor705,FLOAT
root.DianChang.d1.sensor706,FLOAT
root.DianChang.d1.sensor707,FLOAT
root.DianChang.d1.sensor708,FLOAT
root.DianChang.d1.sensor709,FLOAT
root.DianChang.d1.sensor710,FLOAT
root.DianChang.d1.sensor711,FLOAT
root.DianChang.d1.sensor712,FLOAT
root.DianChang.d1.sensor713,FLOAT
root.DianChang.d1.sensor714,FLOAT
root.DianChang.d1.sensor715,FLOAT
root.DianChang.d1.sensor716,FLOAT
root.DianChang.d1.sensor717,FLOAT
root.DianChang.d1.sensor718,FLOAT
root.DianChang.d1.sensor719,FLOAT
root.DianChang.d1.sensor720,FLOAT
root.DianChang.d1.sensor721,FLOAT
root.DianChang.d1.sensor722,FLOAT
root.DianChang.d1.sensor723,FLOAT
root.DianChang.d1.sensor724,FLOAT
root.DianChang.d1.sensor725,FLOAT
root.DianChang.d1.sensor726,FLOAT
root.DianChang.d1.sensor727,FLOAT
root.DianChang.d1.sensor728,FLOAT
root.DianChang.d1.sensor729,FLOAT
root.DianChang.d1.sensor730,FLOAT
root.DianChang.d1.sensor731,FLOAT
root.DianChang.d1.sensor732,FLOAT
root.DianChang.d1.sensor733,FLOAT
root.DianChang.d1.sensor734,FLOAT
root.DianChang.d1.sensor735,FLOAT
root.DianChang.d1.sensor736,FLOAT
root.DianChang.d1.sensor737,FLOAT
root.DianChang.d1.sensor738,FLOAT
root.DianChang.d1.sensor739,FLOAT
root.DianChang.d1.sensor740,FLOAT
root.DianChang.d1.sensor741,FLOAT
root.DianChang.d1.sensor742,FLOAT
root.DianChang.d1.sensor743,FLOAT
root.DianChang.d1.sensor744,FLOAT
root.DianChang.d1.sensor745,FLOAT
root.DianChang.d1.sensor746,FLOAT
root.DianChang.d1.sensor747,FLOAT
root.DianChang.d1.sensor748,FLOAT
root.DianChang.d1.sensor749,FLOAT
root.DianChang.d1.sensor750,FLOAT
root.DianChang.d1.sensor751,FLOAT
root.DianChang.d1.sensor752,FLOAT
root.DianChang.d1.sensor753,FLOAT
root.DianChang.d1.sensor754,FLOAT
root.DianChang.d1.sensor755,FLOAT
root.DianChang.d1.sensor756,FLOAT
root.DianChang.d1.sensor757,FLOAT
root.DianChang.d1.sensor758,FLOAT
root.DianChang.d1.sensor759,FLOAT
root.DianChang.d1.sensor760,FLOAT
root.DianChang.d1.sensor761,FLOAT
root.DianChang.d1.sensor762,FLOAT
root.DianChang.d1.sensor763,FLOAT
root.DianChang.d1.sensor764,FLOAT
root.DianChang.d1.sensor765,FLOAT
root.DianChang.d1.sensor766,FLOAT
root.DianChang.d1.sensor767,FLOAT
root.DianChang.d1.sensor768,FLOAT
root.DianChang.d1.sensor769,FLOAT
root.DianChang.d1.sensor770,FLOAT
root.DianChang.d1.sensor771,FLOAT
root.DianChang.d1.sensor772,FLOAT
root.DianChang.d1.sensor773,FLOAT
root.DianChang.d1.sensor774,FLOAT
root.DianChang.d1.sensor775,FLOAT
root.DianChang.d1.sensor776,FLOAT
root.DianChang.d1.sensor777,FLOAT
root.DianChang.d1.sensor778,FLOAT
root.DianChang.d1.sensor779,FLOAT
root.DianChang.d1.sensor780,FLOAT
root.DianChang.d1.sensor781,FLOAT
root.DianChang.d1.sensor782,FLOAT
root.DianChang.d1.sensor783,FLOAT
root.DianChang.d1.sensor784,FLOAT
root.DianChang.d1.sensor785,FLOAT
root.DianChang.d1.sensor786,FLOAT
root.DianChang.d1.sensor787,FLOAT
root.DianChang.d1.sensor788,FLOAT
root.DianChang.d1.sensor789,FLOAT
root.DianChang.d1.sensor790,FLOAT
root.DianChang.d1.sensor791,FLOAT
root.DianChang.d1.sensor792,FLOAT
root.DianChang.d1.sensor793,FLOAT
root.DianChang.d1.sensor794,FLOAT
root.DianChang.d1.sensor795,FLOAT
root.DianChang.d1.sensor796,FLOAT
root.DianChang.d1.sensor797,FLOAT
root.DianChang.d1.sensor798,FLOAT
root.DianChang.d1.sensor799,FLOAT
root.DianChang.d1.sensor800,FLOAT
root.DianChang.d1.sensor801,FLOAT
root.DianChang.d1.sensor802,FLOAT
root.DianChang.d1.sensor803,FLOAT
root.DianChang.d1.sensor804,FLOAT
root.DianChang.d1.sensor805,FLOAT
root.DianChang.d1.sensor806,FLOAT
root.DianChang.d1.sensor807,FLOAT
root.DianChang.d1.sensor808,FLOAT
root.DianChang.d1.sensor809,FLOAT
root.DianChang.d1.sensor810,FLOAT
root.DianChang.d1.sensor811,FLOAT
root.DianChang.d1.sensor812,FLOAT
root.DianChang.d1.sensor813,FLOAT
root.DianChang.d1.sensor814,FLOAT
root.DianChang.d1.sensor815,FLOAT
root.DianChang.d1.sensor816,FLOAT
root.DianChang.d1.sensor817,FLOAT
root.DianChang.d1.sensor818,FLOAT
root.DianChang.d1.sensor819,FLOAT
root.DianChang.d1.sensor820,FLOAT
root.DianChang.d1.sensor821,FLOAT
root.DianChang.d1.sensor822,FLOAT
root.DianChang.d1.sensor823,FLOAT
root.DianChang.d1.sensor824,FLOAT
root.DianChang.d1.sensor825,FLOAT
root.DianChang.d1.sensor826,FLOAT
root.DianChang.d1.sensor827,FLOAT
root.DianChang.d1.sensor828,FLOAT
root.DianChang.d1.sensor829,FLOAT
root.DianChang.d1.sensor830,FLOAT
root.DianChang.d1.sensor831,FLOAT
root.DianChang.d1.sensor832,FLOAT
root.DianChang.d1.sensor833,FLOAT
root.DianChang.d1.sensor834,FLOAT
root.DianChang.d1.sensor835,FLOAT
root.DianChang.d1.sensor836,FLOAT
root.DianChang.d1.sensor837,FLOAT
root.DianChang.d1.sensor838,FLOAT
root.DianChang.d1.sensor839,FLOAT
root.DianChang.d1.sensor840,FLOAT
root.DianChang.d1.sensor841,FLOAT
root.DianChang.d1.sensor842,FLOAT
root.DianChang.d1.sensor843,FLOAT
root.DianChang.d1.sensor844,FLOAT
root.DianChang.d1.sensor845,FLOAT
root.DianChang.d1.sensor846,FLOAT
root.DianChang.d1.sensor847,FLOAT
root.DianChang.d1.sensor848,FLOAT
root.DianChang.d1.sensor849,FLOAT
root.DianChang.d1.sensor850,FLOAT
root.DianChang.d1.sensor851,FLOAT
root.DianChang.d1.sensor852,FLOAT
root.DianChang.d1.sensor853,FLOAT
root.DianChang.d1.sensor854,FLOAT
root.DianChang.d1.sensor855,FLOAT
root.DianChang.d1.sensor856,FLOAT
root.DianChang.d1.sensor857,FLOAT
root.DianChang.d1.sensor858,FLOAT
root.DianChang.d1.sensor859,FLOAT
root.DianChang.d1.sensor860,FLOAT
root.DianChang.d1.sensor861,FLOAT
root.DianChang.d1.sensor862,FLOAT
root.DianChang.d1.sensor863,FLOAT
root.DianChang.d1.sensor864,FLOAT
root.DianChang.d1.sensor865,FLOAT
root.DianChang.d1.sensor866,FLOAT
root.DianChang.d1.sensor867,FLOAT
root.DianChang.d1.sensor868,FLOAT
root.DianChang.d1.sensor869,FLOAT
root.DianChang.d1.sensor870,FLOAT
root.DianChang.d1.sensor871,FLOAT
root.DianChang.d1.sensor872,FLOAT
root.DianChang.d1.sensor873,FLOAT
root.DianChang.d1.sensor874,FLOAT
root.DianChang.d1.sensor875,FLOAT
root.DianChang.d1.sensor876,FLOAT
root.DianChang.d1.sensor877,FLOAT
root.DianChang.d1.sensor878,FLOAT
root.DianChang.d1.sensor879,FLOAT
root.DianChang.d1.sensor880,FLOAT
root.DianChang.d1.sensor881,FLOAT
root.DianChang.d1.sensor882,FLOAT
root.DianChang.d1.sensor883,FLOAT
root.DianChang.d1.sensor884,FLOAT
root.DianChang.d1.sensor885,FLOAT
root.DianChang.d1.sensor886,FLOAT
root.DianChang.d1.sensor887,FLOAT
root.DianChang.d1.sensor888,FLOAT
root.DianChang.d1.sensor889,FLOAT
root.DianChang.d1.sensor890,FLOAT
root.DianChang.d1.sensor891,FLOAT
root.DianChang.d1.sensor892,FLOAT
root.DianChang.d1.sensor893,FLOAT
root.DianChang.d1.sensor894,FLOAT
root.DianChang.d1.sensor895,FLOAT
root.DianChang.d1.sensor896,FLOAT
root.DianChang.d1.sensor897,FLOAT
root.DianChang.d1.sensor898,FLOAT
root.DianChang.d1.sensor899,FLOAT
root.DianChang.d1.sensor900,FLOAT
root.DianChang.d1.sensor901,FLOAT
root.DianChang.d1.sensor902,FLOAT
root.DianChang.d1.sensor903,FLOAT
root.DianChang.d1.sensor904,FLOAT
root.DianChang.d1.sensor905,FLOAT
root.DianChang.d1.sensor906,FLOAT
root.DianChang.d1.sensor907,FLOAT
root.DianChang.d1.sensor908,FLOAT
root.DianChang.d1.sensor909,FLOAT
root.DianChang.d1.sensor910,FLOAT
root.DianChang.d1.sensor911,FLOAT
root.DianChang.d1.sensor912,FLOAT
root.DianChang.d1.sensor913,FLOAT
root.DianChang.d1.sensor914,FLOAT
root.DianChang.d1.sensor915,FLOAT
root.DianChang.d1.sensor916,FLOAT
root.DianChang.d1.sensor917,FLOAT
root.DianChang.d1.sensor918,FLOAT
root.DianChang.d1.sensor919,FLOAT
root.DianChang.d1.sensor920,FLOAT
root.DianChang.d1.sensor921,FLOAT
root.DianChang.d1.sensor922,FLOAT
root.DianChang.d1.sensor923,FLOAT
root.DianChang.d1.sensor924,FLOAT
root.DianChang.d1.sensor925,FLOAT
root.DianChang.d1.sensor926,FLOAT
root.DianChang.d1.sensor927,FLOAT
root.DianChang.d1.sensor928,FLOAT
root.DianChang.d1.sensor929,FLOAT
root.DianChang.d1.sensor930,FLOAT
root.DianChang.d1.sensor931,FLOAT
root.DianChang.d1.sensor932,FLOAT
root.DianChang.d1.sensor933,FLOAT
root.DianChang.d1.sensor934,FLOAT
root.DianChang.d1.sensor935,FLOAT
root.DianChang.d1.sensor936,FLOAT
root.DianChang.d1.sensor937,FLOAT
root.DianChang.d1.sensor938,FLOAT
root.DianChang.d1.sensor939,FLOAT
root.DianChang.d1.sensor940,FLOAT
root.DianChang.d1.sensor941,FLOAT
root.DianChang.d1.sensor942,FLOAT
root.DianChang.d1.sensor943,FLOAT
root.DianChang.d1.sensor944,FLOAT
root.DianChang.d1.sensor945,FLOAT
root.DianChang.d1.sensor946,FLOAT
root.DianChang.d1.sensor947,FLOAT
root.DianChang.d1.sensor948,FLOAT
root.DianChang.d1.sensor949,FLOAT
root.DianChang.d1.sensor950,FLOAT
root.DianChang.d1.sensor951,FLOAT
root.DianChang.d1.sensor952,FLOAT
root.DianChang.d1.sensor953,FLOAT
root.DianChang.d1.sensor954,FLOAT
root.DianChang.d1.sensor955,FLOAT
root.DianChang.d1.sensor956,FLOAT
root.DianChang.d1.sensor957,FLOAT
root.DianChang.d1.sensor958,FLOAT
root.DianChang.d1.sensor959,FLOAT
root.DianChang.d1.sensor960,FLOAT
root.DianChang.d1.sensor961,FLOAT
root.DianChang.d1.sensor962,FLOAT
root.DianChang.d1.sensor963,FLOAT
root.DianChang.d1.sensor964,FLOAT
root.DianChang.d1.sensor965,FLOAT
root.DianChang.d1.sensor966,FLOAT
root.DianChang.d1.sensor967,FLOAT
root.DianChang.d1.sensor968,FLOAT
root.DianChang.d1.sensor969,FLOAT
root.DianChang.d1.sensor970,FLOAT
root.DianChang.d1.sensor971,FLOAT
root.DianChang.d1.sensor972,FLOAT
root.DianChang.d1.sensor973,FLOAT
root.DianChang.d1.sensor974,FLOAT
root.DianChang.d1.sensor975,FLOAT
root.DianChang.d1.sensor976,FLOAT
root.DianChang.d1.sensor977,FLOAT
root.DianChang.d1.sensor978,FLOAT
root.DianChang.d1.sensor979,FLOAT
root.DianChang.d1.sensor980,FLOAT
root.DianChang.d1.sensor981,FLOAT
root.DianChang.d1.sensor982,FLOAT
root.DianChang.d1.sensor983,FLOAT
root.DianChang.d1.sensor984,FLOAT
root.DianChang.d1.sensor985,FLOAT
root.DianChang.d1.sensor986,FLOAT
root.DianChang.d1.sensor987,FLOAT
root.DianChang.d1.sensor988,FLOAT
root.DianChang.d1.sensor989,FLOAT
root.DianChang.d1.sensor990,FLOAT
root.DianChang.d1.sensor991,FLOAT
root.DianChang.d1.sensor992,FLOAT
root.DianChang.d1.sensor993,FLOAT
root.DianChang.d1.sensor994,FLOAT
root.DianChang.d1.sensor995,FLOAT
root.DianChang.d1.sensor996,FLOAT
root.DianChang.d1.sensor997,FLOAT
root.DianChang.d1.sensor998,FLOAT
root.DianChang.d1.sensor999,FLOAT
root.DianChang.d1.sensor1000,FLOAT
root.DianChang.d2.sensor1,FLOAT
root.DianChang.d2.sensor2,FLOAT
root.DianChang.d2.sensor3,FLOAT
root.DianChang.d2.sensor4,FLOAT
root.DianChang.d2.sensor5,FLOAT
root.DianChang.d2.sensor6,FLOAT
root.DianChang.d2.sensor7,FLOAT
root.DianChang.d2.sensor8,FLOAT
root.DianChang.d2.sensor9,FLOAT
root.DianChang.d2.sensor10,FLOAT
root.DianChang.d2.sensor11,FLOAT
root.DianChang.d2.sensor12,FLOAT
root.DianChang.d2.sensor13,FLOAT
root.DianChang.d2.sensor14,FLOAT
root.DianChang.d2.sensor15,FLOAT
root.DianChang.d2.sensor16,FLOAT
root.DianChang.d2.sensor17,FLOAT
root.DianChang.d2.sensor18,FLOAT
root.DianChang.d2.sensor19,FLOAT
root.DianChang.d2.sensor20,FLOAT
root.DianChang.d2.sensor21,FLOAT
root.DianChang.d2.sensor22,FLOAT
root.DianChang.d2.sensor23,FLOAT
root.DianChang.d2.sensor24,FLOAT
root.DianChang.d2.sensor25,FLOAT
root.DianChang.d2.sensor26,FLOAT
root.DianChang.d2.sensor27,FLOAT
root.DianChang.d2.sensor28,FLOAT
root.DianChang.d2.sensor29,FLOAT
root.DianChang.d2.sensor30,FLOAT
root.DianChang.d2.sensor31,FLOAT
root.DianChang.d2.sensor32,FLOAT
root.DianChang.d2.sensor33,FLOAT
root.DianChang.d2.sensor34,FLOAT
root.DianChang.d2.sensor35,FLOAT
root.DianChang.d2.sensor36,FLOAT
root.DianChang.d2.sensor37,FLOAT
root.DianChang.d2.sensor38,FLOAT
root.DianChang.d2.sensor39,FLOAT
root.DianChang.d2.sensor40,FLOAT
root.DianChang.d2.sensor41,FLOAT
root.DianChang.d2.sensor42,FLOAT
root.DianChang.d2.sensor43,FLOAT
root.DianChang.d2.sensor44,FLOAT
root.DianChang.d2.sensor45,FLOAT
root.DianChang.d2.sensor46,FLOAT
root.DianChang.d2.sensor47,FLOAT
root.DianChang.d2.sensor48,FLOAT
root.DianChang.d2.sensor49,FLOAT
root.DianChang.d2.sensor50,FLOAT
root.DianChang.d2.sensor51,FLOAT
root.DianChang.d2.sensor52,FLOAT
root.DianChang.d2.sensor53,FLOAT
root.DianChang.d2.sensor54,FLOAT
root.DianChang.d2.sensor55,FLOAT
root.DianChang.d2.sensor56,FLOAT
root.DianChang.d2.sensor57,FLOAT
root.DianChang.d2.sensor58,FLOAT
root.DianChang.d2.sensor59,FLOAT
root.DianChang.d2.sensor60,FLOAT
root.DianChang.d2.sensor61,FLOAT
root.DianChang.d2.sensor62,FLOAT
root.DianChang.d2.sensor63,FLOAT
root.DianChang.d2.sensor64,FLOAT
root.DianChang.d2.sensor65,FLOAT
root.DianChang.d2.sensor66,FLOAT
root.DianChang.d2.sensor67,FLOAT
root.DianChang.d2.sensor68,FLOAT
root.DianChang.d2.sensor69,FLOAT
root.DianChang.d2.sensor70,FLOAT
root.DianChang.d2.sensor71,FLOAT
root.DianChang.d2.sensor72,FLOAT
root.DianChang.d2.sensor73,FLOAT
root.DianChang.d2.sensor74,FLOAT
root.DianChang.d2.sensor75,FLOAT
root.DianChang.d2.sensor76,FLOAT
root.DianChang.d2.sensor77,FLOAT
root.DianChang.d2.sensor78,FLOAT
root.DianChang.d2.sensor79,FLOAT
root.DianChang.d2.sensor80,FLOAT
root.DianChang.d2.sensor81,FLOAT
root.DianChang.d2.sensor82,FLOAT
root.DianChang.d2.sensor83,FLOAT
root.DianChang.d2.sensor84,FLOAT
root.DianChang.d2.sensor85,FLOAT
root.DianChang.d2.sensor86,FLOAT
root.DianChang.d2.sensor87,FLOAT
root.DianChang.d2.sensor88,FLOAT
root.DianChang.d2.sensor89,FLOAT
root.DianChang.d2.sensor90,FLOAT
root.DianChang.d2.sensor91,FLOAT
root.DianChang.d2.sensor92,FLOAT
root.DianChang.d2.sensor93,FLOAT
root.DianChang.d2.sensor94,FLOAT
root.DianChang.d2.sensor95,FLOAT
root.DianChang.d2.sensor96,FLOAT
root.DianChang.d2.sensor97,FLOAT
root.DianChang.d2.sensor98,FLOAT
root.DianChang.d2.sensor99,FLOAT
root.DianChang.d2.sensor100,FLOAT
root.DianChang.d2.sensor101,FLOAT
root.DianChang.d2.sensor102,FLOAT
root.DianChang.d2.sensor103,FLOAT
root.DianChang.d2.sensor104,FLOAT
root.DianChang.d2.sensor105,FLOAT
root.DianChang.d2.sensor106,FLOAT
root.DianChang.d2.sensor107,FLOAT
root.DianChang.d2.sensor108,FLOAT
root.DianChang.d2.sensor109,FLOAT
root.DianChang.d2.sensor110,FLOAT
root.DianChang.d2.sensor111,FLOAT
root.DianChang.d2.sensor112,FLOAT
root.DianChang.d2.sensor113,FLOAT
root.DianChang.d2.sensor114,FLOAT
root.DianChang.d2.sensor115,FLOAT
root.DianChang.d2.sensor116,FLOAT
root.DianChang.d2.sensor117,FLOAT
root.DianChang.d2.sensor118,FLOAT
root.DianChang.d2.sensor119,FLOAT
root.DianChang.d2.sensor120,FLOAT
root.DianChang.d2.sensor121,FLOAT
root.DianChang.d2.sensor122,FLOAT
root.DianChang.d2.sensor123,FLOAT
root.DianChang.d2.sensor124,FLOAT
root.DianChang.d2.sensor125,FLOAT
root.DianChang.d2.sensor126,FLOAT
root.DianChang.d2.sensor127,FLOAT
root.DianChang.d2.sensor128,FLOAT
root.DianChang.d2.sensor129,FLOAT
root.DianChang.d2.sensor130,FLOAT
root.DianChang.d2.sensor131,FLOAT
root.DianChang.d2.sensor132,FLOAT
root.DianChang.d2.sensor133,FLOAT
root.DianChang.d2.sensor134,FLOAT
root.DianChang.d2.sensor135,FLOAT
root.DianChang.d2.sensor136,FLOAT
root.DianChang.d2.sensor137,FLOAT
root.DianChang.d2.sensor138,FLOAT
root.DianChang.d2.sensor139,FLOAT
root.DianChang.d2.sensor140,FLOAT
root.DianChang.d2.sensor141,FLOAT
root.DianChang.d2.sensor142,FLOAT
root.DianChang.d2.sensor143,FLOAT
root.DianChang.d2.sensor144,FLOAT
root.DianChang.d2.sensor145,FLOAT
root.DianChang.d2.sensor146,FLOAT
root.DianChang.d2.sensor147,FLOAT
root.DianChang.d2.sensor148,FLOAT
root.DianChang.d2.sensor149,FLOAT
root.DianChang.d2.sensor150,FLOAT
root.DianChang.d2.sensor151,FLOAT
root.DianChang.d2.sensor152,FLOAT
root.DianChang.d2.sensor153,FLOAT
root.DianChang.d2.sensor154,FLOAT
root.DianChang.d2.sensor155,FLOAT
root.DianChang.d2.sensor156,FLOAT
root.DianChang.d2.sensor157,FLOAT
root.DianChang.d2.sensor158,FLOAT
root.DianChang.d2.sensor159,FLOAT
root.DianChang.d2.sensor160,FLOAT
root.DianChang.d2.sensor161,FLOAT
root.DianChang.d2.sensor162,FLOAT
root.DianChang.d2.sensor163,FLOAT
root.DianChang.d2.sensor164,FLOAT
root.DianChang.d2.sensor165,FLOAT
root.DianChang.d2.sensor166,FLOAT
root.DianChang.d2.sensor167,FLOAT
root.DianChang.d2.sensor168,FLOAT
root.DianChang.d2.sensor169,FLOAT
root.DianChang.d2.sensor170,FLOAT
root.DianChang.d2.sensor171,FLOAT
root.DianChang.d2.sensor172,FLOAT
root.DianChang.d2.sensor173,FLOAT
root.DianChang.d2.sensor174,FLOAT
root.DianChang.d2.sensor175,FLOAT
root.DianChang.d2.sensor176,FLOAT
root.DianChang.d2.sensor177,FLOAT
root.DianChang.d2.sensor178,FLOAT
root.DianChang.d2.sensor179,FLOAT
root.DianChang.d2.sensor180,FLOAT
root.DianChang.d2.sensor181,FLOAT
root.DianChang.d2.sensor182,FLOAT
root.DianChang.d2.sensor183,FLOAT
root.DianChang.d2.sensor184,FLOAT
root.DianChang.d2.sensor185,FLOAT
root.DianChang.d2.sensor186,FLOAT
root.DianChang.d2.sensor187,FLOAT
root.DianChang.d2.sensor188,FLOAT
root.DianChang.d2.sensor189,FLOAT
root.DianChang.d2.sensor190,FLOAT
root.DianChang.d2.sensor191,FLOAT
root.DianChang.d2.sensor192,FLOAT
root.DianChang.d2.sensor193,FLOAT
root.DianChang.d2.sensor194,FLOAT
root.DianChang.d2.sensor195,FLOAT
root.DianChang.d2.sensor196,FLOAT
root.DianChang.d2.sensor197,FLOAT
root.DianChang.d2.sensor198,FLOAT
root.DianChang.d2.sensor199,FLOAT
root.DianChang.d2.sensor200,FLOAT
root.DianChang.d2.sensor201,FLOAT
root.DianChang.d2.sensor202,FLOAT
root.DianChang.d2.sensor203,FLOAT
root.DianChang.d2.sensor204,FLOAT
root.DianChang.d2.sensor205,FLOAT
root.DianChang.d2.sensor206,FLOAT
root.DianChang.d2.sensor207,FLOAT
root.DianChang.d2.sensor208,FLOAT
root.DianChang.d2.sensor209,FLOAT
root.DianChang.d2.sensor210,FLOAT
root.DianChang.d2.sensor211,FLOAT
root.DianChang.d2.sensor212,FLOAT
root.DianChang.d2.sensor213,FLOAT
root.DianChang.d2.sensor214,FLOAT
root.DianChang.d2.sensor215,FLOAT
root.DianChang.d2.sensor216,FLOAT
root.DianChang.d2.sensor217,FLOAT
root.DianChang.d2.sensor218,FLOAT
root.DianChang.d2.sensor219,FLOAT
root.DianChang.d2.sensor220,FLOAT
root.DianChang.d2.sensor221,FLOAT
root.DianChang.d2.sensor222,FLOAT
root.DianChang.d2.sensor223,FLOAT
root.DianChang.d2.sensor224,FLOAT
root.DianChang.d2.sensor225,FLOAT
root.DianChang.d2.sensor226,FLOAT
root.DianChang.d2.sensor227,FLOAT
root.DianChang.d2.sensor228,FLOAT
root.DianChang.d2.sensor229,FLOAT
root.DianChang.d2.sensor230,FLOAT
root.DianChang.d2.sensor231,FLOAT
root.DianChang.d2.sensor232,FLOAT
root.DianChang.d2.sensor233,FLOAT
root.DianChang.d2.sensor234,FLOAT
root.DianChang.d2.sensor235,FLOAT
root.DianChang.d2.sensor236,FLOAT
root.DianChang.d2.sensor237,FLOAT
root.DianChang.d2.sensor238,FLOAT
root.DianChang.d2.sensor239,FLOAT
root.DianChang.d2.sensor240,FLOAT
root.DianChang.d2.sensor241,FLOAT
root.DianChang.d2.sensor242,FLOAT
root.DianChang.d2.sensor243,FLOAT
root.DianChang.d2.sensor244,FLOAT
root.DianChang.d2.sensor245,FLOAT
root.DianChang.d2.sensor246,FLOAT
root.DianChang.d2.sensor247,FLOAT
root.DianChang.d2.sensor248,FLOAT
root.DianChang.d2.sensor249,FLOAT
root.DianChang.d2.sensor250,FLOAT
root.DianChang.d2.sensor251,FLOAT
root.DianChang.d2.sensor252,FLOAT
root.DianChang.d2.sensor253,FLOAT
root.DianChang.d2.sensor254,FLOAT
root.DianChang.d2.sensor255,FLOAT
root.DianChang.d2.sensor256,FLOAT
root.DianChang.d2.sensor257,FLOAT
root.DianChang.d2.sensor258,FLOAT
root.DianChang.d2.sensor259,FLOAT
root.DianChang.d2.sensor260,FLOAT
root.DianChang.d2.sensor261,FLOAT
root.DianChang.d2.sensor262,FLOAT
root.DianChang.d2.sensor263,FLOAT
root.DianChang.d2.sensor264,FLOAT
root.DianChang.d2.sensor265,FLOAT
root.DianChang.d2.sensor266,FLOAT
root.DianChang.d2.sensor267,FLOAT
root.DianChang.d2.sensor268,FLOAT
root.DianChang.d2.sensor269,FLOAT
root.DianChang.d2.sensor270,FLOAT
root.DianChang.d2.sensor271,FLOAT
root.DianChang.d2.sensor272,FLOAT
root.DianChang.d2.sensor273,FLOAT
root.DianChang.d2.sensor274,FLOAT
root.DianChang.d2.sensor275,FLOAT
root.DianChang.d2.sensor276,FLOAT
root.DianChang.d2.sensor277,FLOAT
root.DianChang.d2.sensor278,FLOAT
root.DianChang.d2.sensor279,FLOAT
root.DianChang.d2.sensor280,FLOAT
root.DianChang.d2.sensor281,FLOAT
root.DianChang.d2.sensor282,FLOAT
root.DianChang.d2.sensor283,FLOAT
root.DianChang.d2.sensor284,FLOAT
root.DianChang.d2.sensor285,FLOAT
root.DianChang.d2.sensor286,FLOAT
root.DianChang.d2.sensor287,FLOAT
root.DianChang.d2.sensor288,FLOAT
root.DianChang.d2.sensor289,FLOAT
root.DianChang.d2.sensor290,FLOAT
root.DianChang.d2.sensor291,FLOAT
root.DianChang.d2.sensor292,FLOAT
root.DianChang.d2.sensor293,FLOAT
root.DianChang.d2.sensor294,FLOAT
root.DianChang.d2.sensor295,FLOAT
root.DianChang.d2.sensor296,FLOAT
root.DianChang.d2.sensor297,FLOAT
root.DianChang.d2.sensor298,FLOAT
root.DianChang.d2.sensor299,FLOAT
root.DianChang.d2.sensor300,FLOAT
root.DianChang.d2.sensor301,FLOAT
root.DianChang.d2.sensor302,FLOAT
root.DianChang.d2.sensor303,FLOAT
root.DianChang.d2.sensor304,FLOAT
root.DianChang.d2.sensor305,FLOAT
root.DianChang.d2.sensor306,FLOAT
root.DianChang.d2.sensor307,FLOAT
root.DianChang.d2.sensor308,FLOAT
root.DianChang.d2.sensor309,FLOAT
root.DianChang.d2.sensor310,FLOAT
root.DianChang.d2.sensor311,FLOAT
root.DianChang.d2.sensor312,FLOAT
root.DianChang.d2.sensor313,FLOAT
root.DianChang.d2.sensor314,FLOAT
root.DianChang.d2.sensor315,FLOAT
root.DianChang.d2.sensor316,FLOAT
root.DianChang.d2.sensor317,FLOAT
root.DianChang.d2.sensor318,FLOAT
root.DianChang.d2.sensor319,FLOAT
root.DianChang.d2.sensor320,FLOAT
root.DianChang.d2.sensor321,FLOAT
root.DianChang.d2.sensor322,FLOAT
root.DianChang.d2.sensor323,FLOAT
root.DianChang.d2.sensor324,FLOAT
root.DianChang.d2.sensor325,FLOAT
root.DianChang.d2.sensor326,FLOAT
root.DianChang.d2.sensor327,FLOAT
root.DianChang.d2.sensor328,FLOAT
root.DianChang.d2.sensor329,FLOAT
root.DianChang.d2.sensor330,FLOAT
root.DianChang.d2.sensor331,FLOAT
root.DianChang.d2.sensor332,FLOAT
root.DianChang.d2.sensor333,FLOAT
root.DianChang.d2.sensor334,FLOAT
root.DianChang.d2.sensor335,FLOAT
root.DianChang.d2.sensor336,FLOAT
root.DianChang.d2.sensor337,FLOAT
root.DianChang.d2.sensor338,FLOAT
root.DianChang.d2.sensor339,FLOAT
root.DianChang.d2.sensor340,FLOAT
root.DianChang.d2.sensor341,FLOAT
root.DianChang.d2.sensor342,FLOAT
root.DianChang.d2.sensor343,FLOAT
root.DianChang.d2.sensor344,FLOAT
root.DianChang.d2.sensor345,FLOAT
root.DianChang.d2.sensor346,FLOAT
root.DianChang.d2.sensor347,FLOAT
root.DianChang.d2.sensor348,FLOAT
root.DianChang.d2.sensor349,FLOAT
root.DianChang.d2.sensor350,FLOAT
root.DianChang.d2.sensor351,FLOAT
root.DianChang.d2.sensor352,FLOAT
root.DianChang.d2.sensor353,FLOAT
root.DianChang.d2.sensor354,FLOAT
root.DianChang.d2.sensor355,FLOAT
root.DianChang.d2.sensor356,FLOAT
root.DianChang.d2.sensor357,FLOAT
root.DianChang.d2.sensor358,FLOAT
root.DianChang.d2.sensor359,FLOAT
root.DianChang.d2.sensor360,FLOAT
root.DianChang.d2.sensor361,FLOAT
root.DianChang.d2.sensor362,FLOAT
root.DianChang.d2.sensor363,FLOAT
root.DianChang.d2.sensor364,FLOAT
root.DianChang.d2.sensor365,FLOAT
root.DianChang.d2.sensor366,FLOAT
root.DianChang.d2.sensor367,FLOAT
root.DianChang.d2.sensor368,FLOAT
root.DianChang.d2.sensor369,FLOAT
root.DianChang.d2.sensor370,FLOAT
root.DianChang.d2.sensor371,FLOAT
root.DianChang.d2.sensor372,FLOAT
root.DianChang.d2.sensor373,FLOAT
root.DianChang.d2.sensor374,FLOAT
root.DianChang.d2.sensor375,FLOAT
root.DianChang.d2.sensor376,FLOAT
root.DianChang.d2.sensor377,FLOAT
root.DianChang.d2.sensor378,FLOAT
root.DianChang.d2.sensor379,FLOAT
root.DianChang.d2.sensor380,FLOAT
root.DianChang.d2.sensor381,FLOAT
root.DianChang.d2.sensor382,FLOAT
root.DianChang.d2.sensor383,FLOAT
root.DianChang.d2.sensor384,FLOAT
root.DianChang.d2.sensor385,FLOAT
root.DianChang.d2.sensor386,FLOAT
root.DianChang.d2.sensor387,FLOAT
root.DianChang.d2.sensor388,FLOAT
root.DianChang.d2.sensor389,FLOAT
root.DianChang.d2.sensor390,FLOAT
root.DianChang.d2.sensor391,FLOAT
root.DianChang.d2.sensor392,FLOAT
root.DianChang.d2.sensor393,FLOAT
root.DianChang.d2.sensor394,FLOAT
root.DianChang.d2.sensor395,FLOAT
root.DianChang.d2.sensor396,FLOAT
root.DianChang.d2.sensor397,FLOAT
root.DianChang.d2.sensor398,FLOAT
root.DianChang.d2.sensor399,FLOAT
root.DianChang.d2.sensor400,FLOAT
root.DianChang.d2.sensor401,FLOAT
root.DianChang.d2.sensor402,FLOAT
root.DianChang.d2.sensor403,FLOAT
root.DianChang.d2.sensor404,FLOAT
root.DianChang.d2.sensor405,FLOAT
root.DianChang.d2.sensor406,FLOAT
root.DianChang.d2.sensor407,FLOAT
root.DianChang.d2.sensor408,FLOAT
root.DianChang.d2.sensor409,FLOAT
root.DianChang.d2.sensor410,FLOAT
root.DianChang.d2.sensor411,FLOAT
root.DianChang.d2.sensor412,FLOAT
root.DianChang.d2.sensor413,FLOAT
root.DianChang.d2.sensor414,FLOAT
root.DianChang.d2.sensor415,FLOAT
root.DianChang.d2.sensor416,FLOAT
root.DianChang.d2.sensor417,FLOAT
root.DianChang.d2.sensor418,FLOAT
root.DianChang.d2.sensor419,FLOAT
root.DianChang.d2.sensor420,FLOAT
root.DianChang.d2.sensor421,FLOAT
root.DianChang.d2.sensor422,FLOAT
root.DianChang.d2.sensor423,FLOAT
root.DianChang.d2.sensor424,FLOAT
root.DianChang.d2.sensor425,FLOAT
root.DianChang.d2.sensor426,FLOAT
root.DianChang.d2.sensor427,FLOAT
root.DianChang.d2.sensor428,FLOAT
root.DianChang.d2.sensor429,FLOAT
root.DianChang.d2.sensor430,FLOAT
root.DianChang.d2.sensor431,FLOAT
root.DianChang.d2.sensor432,FLOAT
root.DianChang.d2.sensor433,FLOAT
root.DianChang.d2.sensor434,FLOAT
root.DianChang.d2.sensor435,FLOAT
root.DianChang.d2.sensor436,FLOAT
root.DianChang.d2.sensor437,FLOAT
root.DianChang.d2.sensor438,FLOAT
root.DianChang.d2.sensor439,FLOAT
root.DianChang.d2.sensor440,FLOAT
root.DianChang.d2.sensor441,FLOAT
root.DianChang.d2.sensor442,FLOAT
root.DianChang.d2.sensor443,FLOAT
root.DianChang.d2.sensor444,FLOAT
root.DianChang.d2.sensor445,FLOAT
root.DianChang.d2.sensor446,FLOAT
root.DianChang.d2.sensor447,FLOAT
root.DianChang.d2.sensor448,FLOAT
root.DianChang.d2.sensor449,FLOAT
root.DianChang.d2.sensor450,FLOAT
root.DianChang.d2.sensor451,FLOAT
root.DianChang.d2.sensor452,FLOAT
root.DianChang.d2.sensor453,FLOAT
root.DianChang.d2.sensor454,FLOAT
root.DianChang.d2.sensor455,FLOAT
root.DianChang.d2.sensor456,FLOAT
root.DianChang.d2.sensor457,FLOAT
root.DianChang.d2.sensor458,FLOAT
root.DianChang.d2.sensor459,FLOAT
root.DianChang.d2.sensor460,FLOAT
root.DianChang.d2.sensor461,FLOAT
root.DianChang.d2.sensor462,FLOAT
root.DianChang.d2.sensor463,FLOAT
root.DianChang.d2.sensor464,FLOAT
root.DianChang.d2.sensor465,FLOAT
root.DianChang.d2.sensor466,FLOAT
root.DianChang.d2.sensor467,FLOAT
root.DianChang.d2.sensor468,FLOAT
root.DianChang.d2.sensor469,FLOAT
root.DianChang.d2.sensor470,FLOAT
root.DianChang.d2.sensor471,FLOAT
root.DianChang.d2.sensor472,FLOAT
root.DianChang.d2.sensor473,FLOAT
root.DianChang.d2.sensor474,FLOAT
root.DianChang.d2.sensor475,FLOAT
root.DianChang.d2.sensor476,FLOAT
root.DianChang.d2.sensor477,FLOAT
root.DianChang.d2.sensor478,FLOAT
root.DianChang.d2.sensor479,FLOAT
root.DianChang.d2.sensor480,FLOAT
root.DianChang.d2.sensor481,FLOAT
root.DianChang.d2.sensor482,FLOAT
root.DianChang.d2.sensor483,FLOAT
root.DianChang.d2.sensor484,FLOAT
root.DianChang.d2.sensor485,FLOAT
root.DianChang.d2.sensor486,FLOAT
root.DianChang.d2.sensor487,FLOAT
root.DianChang.d2.sensor488,FLOAT
root.DianChang.d2.sensor489,FLOAT
root.DianChang.d2.sensor490,FLOAT
root.DianChang.d2.sensor491,FLOAT
root.DianChang.d2.sensor492,FLOAT
root.DianChang.d2.sensor493,FLOAT
root.DianChang.d2.sensor494,FLOAT
root.DianChang.d2.sensor495,FLOAT
root.DianChang.d2.sensor496,FLOAT
root.DianChang.d2.sensor497,FLOAT
root.DianChang.d2.sensor498,FLOAT
root.DianChang.d2.sensor499,FLOAT
root.DianChang.d2.sensor500,FLOAT
root.DianChang.d2.sensor501,FLOAT
root.DianChang.d2.sensor502,FLOAT
root.DianChang.d2.sensor503,FLOAT
root.DianChang.d2.sensor504,FLOAT
root.DianChang.d2.sensor505,FLOAT
root.DianChang.d2.sensor506,FLOAT
root.DianChang.d2.sensor507,FLOAT
root.DianChang.d2.sensor508,FLOAT
root.DianChang.d2.sensor509,FLOAT
root.DianChang.d2.sensor510,FLOAT
root.DianChang.d2.sensor511,FLOAT
root.DianChang.d2.sensor512,FLOAT
root.DianChang.d2.sensor513,FLOAT
root.DianChang.d2.sensor514,FLOAT
root.DianChang.d2.sensor515,FLOAT
root.DianChang.d2.sensor516,FLOAT
root.DianChang.d2.sensor517,FLOAT
root.DianChang.d2.sensor518,FLOAT
root.DianChang.d2.sensor519,FLOAT
root.DianChang.d2.sensor520,FLOAT
root.DianChang.d2.sensor521,FLOAT
root.DianChang.d2.sensor522,FLOAT
root.DianChang.d2.sensor523,FLOAT
root.DianChang.d2.sensor524,FLOAT
root.DianChang.d2.sensor525,FLOAT
root.DianChang.d2.sensor526,FLOAT
root.DianChang.d2.sensor527,FLOAT
root.DianChang.d2.sensor528,FLOAT
root.DianChang.d2.sensor529,FLOAT
root.DianChang.d2.sensor530,FLOAT
root.DianChang.d2.sensor531,FLOAT
root.DianChang.d2.sensor532,FLOAT
root.DianChang.d2.sensor533,FLOAT
root.DianChang.d2.sensor534,FLOAT
root.DianChang.d2.sensor535,FLOAT
root.DianChang.d2.sensor536,FLOAT
root.DianChang.d2.sensor537,FLOAT
root.DianChang.d2.sensor538,FLOAT
root.DianChang.d2.sensor539,FLOAT
root.DianChang.d2.sensor540,FLOAT
root.DianChang.d2.sensor541,FLOAT
root.DianChang.d2.sensor542,FLOAT
root.DianChang.d2.sensor543,FLOAT
root.DianChang.d2.sensor544,FLOAT
root.DianChang.d2.sensor545,FLOAT
root.DianChang.d2.sensor546,FLOAT
root.DianChang.d2.sensor547,FLOAT
root.DianChang.d2.sensor548,FLOAT
root.DianChang.d2.sensor549,FLOAT
root.DianChang.d2.sensor550,FLOAT
root.DianChang.d2.sensor551,FLOAT
root.DianChang.d2.sensor552,FLOAT
root.DianChang.d2.sensor553,FLOAT
root.DianChang.d2.sensor554,FLOAT
root.DianChang.d2.sensor555,FLOAT
root.DianChang.d2.sensor556,FLOAT
root.DianChang.d2.sensor557,FLOAT
root.DianChang.d2.sensor558,FLOAT
root.DianChang.d2.sensor559,FLOAT
root.DianChang.d2.sensor560,FLOAT
root.DianChang.d2.sensor561,FLOAT
root.DianChang.d2.sensor562,FLOAT
root.DianChang.d2.sensor563,FLOAT
root.DianChang.d2.sensor564,FLOAT
root.DianChang.d2.sensor565,FLOAT
root.DianChang.d2.sensor566,FLOAT
root.DianChang.d2.sensor567,FLOAT
root.DianChang.d2.sensor568,FLOAT
root.DianChang.d2.sensor569,FLOAT
root.DianChang.d2.sensor570,FLOAT
root.DianChang.d2.sensor571,FLOAT
root.DianChang.d2.sensor572,FLOAT
root.DianChang.d2.sensor573,FLOAT
root.DianChang.d2.sensor574,FLOAT
root.DianChang.d2.sensor575,FLOAT
root.DianChang.d2.sensor576,FLOAT
root.DianChang.d2.sensor577,FLOAT
root.DianChang.d2.sensor578,FLOAT
root.DianChang.d2.sensor579,FLOAT
root.DianChang.d2.sensor580,FLOAT
root.DianChang.d2.sensor581,FLOAT
root.DianChang.d2.sensor582,FLOAT
root.DianChang.d2.sensor583,FLOAT
root.DianChang.d2.sensor584,FLOAT
root.DianChang.d2.sensor585,FLOAT
root.DianChang.d2.sensor586,FLOAT
root.DianChang.d2.sensor587,FLOAT
root.DianChang.d2.sensor588,FLOAT
root.DianChang.d2.sensor589,FLOAT
root.DianChang.d2.sensor590,FLOAT
root.DianChang.d2.sensor591,FLOAT
root.DianChang.d2.sensor592,FLOAT
root.DianChang.d2.sensor593,FLOAT
root.DianChang.d2.sensor594,FLOAT
root.DianChang.d2.sensor595,FLOAT
root.DianChang.d2.sensor596,FLOAT
root.DianChang.d2.sensor597,FLOAT
root.DianChang.d2.sensor598,FLOAT
root.DianChang.d2.sensor599,FLOAT
root.DianChang.d2.sensor600,FLOAT
root.DianChang.d2.sensor601,FLOAT
root.DianChang.d2.sensor602,FLOAT
root.DianChang.d2.sensor603,FLOAT
root.DianChang.d2.sensor604,FLOAT
root.DianChang.d2.sensor605,FLOAT
root.DianChang.d2.sensor606,FLOAT
root.DianChang.d2.sensor607,FLOAT
root.DianChang.d2.sensor608,FLOAT
root.DianChang.d2.sensor609,FLOAT
root.DianChang.d2.sensor610,FLOAT
root.DianChang.d2.sensor611,FLOAT
root.DianChang.d2.sensor612,FLOAT
root.DianChang.d2.sensor613,FLOAT
root.DianChang.d2.sensor614,FLOAT
root.DianChang.d2.sensor615,FLOAT
root.DianChang.d2.sensor616,FLOAT
root.DianChang.d2.sensor617,FLOAT
root.DianChang.d2.sensor618,FLOAT
root.DianChang.d2.sensor619,FLOAT
root.DianChang.d2.sensor620,FLOAT
root.DianChang.d2.sensor621,FLOAT
root.DianChang.d2.sensor622,FLOAT
root.DianChang.d2.sensor623,FLOAT
root.DianChang.d2.sensor624,FLOAT
root.DianChang.d2.sensor625,FLOAT
root.DianChang.d2.sensor626,FLOAT
root.DianChang.d2.sensor627,FLOAT
root.DianChang.d2.sensor628,FLOAT
root.DianChang.d2.sensor629,FLOAT
root.DianChang.d2.sensor630,FLOAT
root.DianChang.d2.sensor631,FLOAT
root.DianChang.d2.sensor632,FLOAT
root.DianChang.d2.sensor633,FLOAT
root.DianChang.d2.sensor634,FLOAT
root.DianChang.d2.sensor635,FLOAT
root.DianChang.d2.sensor636,FLOAT
root.DianChang.d2.sensor637,FLOAT
root.DianChang.d2.sensor638,FLOAT
root.DianChang.d2.sensor639,FLOAT
root.DianChang.d2.sensor640,FLOAT
root.DianChang.d2.sensor641,FLOAT
root.DianChang.d2.sensor642,FLOAT
root.DianChang.d2.sensor643,FLOAT
root.DianChang.d2.sensor644,FLOAT
root.DianChang.d2.sensor645,FLOAT
root.DianChang.d2.sensor646,FLOAT
root.DianChang.d2.sensor647,FLOAT
root.DianChang.d2.sensor648,FLOAT
root.DianChang.d2.sensor649,FLOAT
root.DianChang.d2.sensor650,FLOAT
root.DianChang.d2.sensor651,FLOAT
root.DianChang.d2.sensor652,FLOAT
root.DianChang.d2.sensor653,FLOAT
root.DianChang.d2.sensor654,FLOAT
root.DianChang.d2.sensor655,FLOAT
root.DianChang.d2.sensor656,FLOAT
root.DianChang.d2.sensor657,FLOAT
root.DianChang.d2.sensor658,FLOAT
root.DianChang.d2.sensor659,FLOAT
root.DianChang.d2.sensor660,FLOAT
root.DianChang.d2.sensor661,FLOAT
root.DianChang.d2.sensor662,FLOAT
root.DianChang.d2.sensor663,FLOAT
root.DianChang.d2.sensor664,FLOAT
root.DianChang.d2.sensor665,FLOAT
root.DianChang.d2.sensor666,FLOAT
root.DianChang.d2.sensor667,FLOAT
root.DianChang.d2.sensor668,FLOAT
root.DianChang.d2.sensor669,FLOAT
root.DianChang.d2.sensor670,FLOAT
root.DianChang.d2.sensor671,FLOAT
root.DianChang.d2.sensor672,FLOAT
root.DianChang.d2.sensor673,FLOAT
root.DianChang.d2.sensor674,FLOAT
root.DianChang.d2.sensor675,FLOAT
root.DianChang.d2.sensor676,FLOAT
root.DianChang.d2.sensor677,FLOAT
root.DianChang.d2.sensor678,FLOAT
root.DianChang.d2.sensor679,FLOAT
root.DianChang.d2.sensor680,FLOAT
root.DianChang.d2.sensor681,FLOAT
root.DianChang.d2.sensor682,FLOAT
root.DianChang.d2.sensor683,FLOAT
root.DianChang.d2.sensor684,FLOAT
root.DianChang.d2.sensor685,FLOAT
root.DianChang.d2.sensor686,FLOAT
root.DianChang.d2.sensor687,FLOAT
root.DianChang.d2.sensor688,FLOAT
root.DianChang.d2.sensor689,FLOAT
root.DianChang.d2.sensor690,FLOAT
root.DianChang.d2.sensor691,FLOAT
root.DianChang.d2.sensor692,FLOAT
root.DianChang.d2.sensor693,FLOAT
root.DianChang.d2.sensor694,FLOAT
root.DianChang.d2.sensor695,FLOAT
root.DianChang.d2.sensor696,FLOAT
root.DianChang.d2.sensor697,FLOAT
root.DianChang.d2.sensor698,FLOAT
root.DianChang.d2.sensor699,FLOAT
root.DianChang.d2.sensor700,FLOAT
root.DianChang.d2.sensor701,FLOAT
root.DianChang.d2.sensor702,FLOAT
root.DianChang.d2.sensor703,FLOAT
root.DianChang.d2.sensor704,FLOAT
root.DianChang.d2.sensor705,FLOAT
root.DianChang.d2.sensor706,FLOAT
root.DianChang.d2.sensor707,FLOAT
root.DianChang.d2.sensor708,FLOAT
root.DianChang.d2.sensor709,FLOAT
root.DianChang.d2.sensor710,FLOAT
root.DianChang.d2.sensor711,FLOAT
root.DianChang.d2.sensor712,FLOAT
root.DianChang.d2.sensor713,FLOAT
root.DianChang.d2.sensor714,FLOAT
root.DianChang.d2.sensor715,FLOAT
root.DianChang.d2.sensor716,FLOAT
root.DianChang.d2.sensor717,FLOAT
root.DianChang.d2.sensor718,FLOAT
root.DianChang.d2.sensor719,FLOAT
root.DianChang.d2.sensor720,FLOAT
root.DianChang.d2.sensor721,FLOAT
root.DianChang.d2.sensor722,FLOAT
root.DianChang.d2.sensor723,FLOAT
root.DianChang.d2.sensor724,FLOAT
root.DianChang.d2.sensor725,FLOAT
root.DianChang.d2.sensor726,FLOAT
root.DianChang.d2.sensor727,FLOAT
root.DianChang.d2.sensor728,FLOAT
root.DianChang.d2.sensor729,FLOAT
root.DianChang.d2.sensor730,FLOAT
root.DianChang.d2.sensor731,FLOAT
root.DianChang.d2.sensor732,FLOAT
root.DianChang.d2.sensor733,FLOAT
root.DianChang.d2.sensor734,FLOAT
root.DianChang.d2.sensor735,FLOAT
root.DianChang.d2.sensor736,FLOAT
root.DianChang.d2.sensor737,FLOAT
root.DianChang.d2.sensor738,FLOAT
root.DianChang.d2.sensor739,FLOAT
root.DianChang.d2.sensor740,FLOAT
root.DianChang.d2.sensor741,FLOAT
root.DianChang.d2.sensor742,FLOAT
root.DianChang.d2.sensor743,FLOAT
root.DianChang.d2.sensor744,FLOAT
root.DianChang.d2.sensor745,FLOAT
root.DianChang.d2.sensor746,FLOAT
root.DianChang.d2.sensor747,FLOAT
root.DianChang.d2.sensor748,FLOAT
root.DianChang.d2.sensor749,FLOAT
root.DianChang.d2.sensor750,FLOAT
root.DianChang.d2.sensor751,FLOAT
root.DianChang.d2.sensor752,FLOAT
root.DianChang.d2.sensor753,FLOAT
root.DianChang.d2.sensor754,FLOAT
root.DianChang.d2.sensor755,FLOAT
root.DianChang.d2.sensor756,FLOAT
root.DianChang.d2.sensor757,FLOAT
root.DianChang.d2.sensor758,FLOAT
root.DianChang.d2.sensor759,FLOAT
root.DianChang.d2.sensor760,FLOAT
root.DianChang.d2.sensor761,FLOAT
root.DianChang.d2.sensor762,FLOAT
root.DianChang.d2.sensor763,FLOAT
root.DianChang.d2.sensor764,FLOAT
root.DianChang.d2.sensor765,FLOAT
root.DianChang.d2.sensor766,FLOAT
root.DianChang.d2.sensor767,FLOAT
root.DianChang.d2.sensor768,FLOAT
root.DianChang.d2.sensor769,FLOAT
root.DianChang.d2.sensor770,FLOAT
root.DianChang.d2.sensor771,FLOAT
root.DianChang.d2.sensor772,FLOAT
root.DianChang.d2.sensor773,FLOAT
root.DianChang.d2.sensor774,FLOAT
root.DianChang.d2.sensor775,FLOAT
root.DianChang.d2.sensor776,FLOAT
root.DianChang.d2.sensor777,FLOAT
root.DianChang.d2.sensor778,FLOAT
root.DianChang.d2.sensor779,FLOAT
root.DianChang.d2.sensor780,FLOAT
root.DianChang.d2.sensor781,FLOAT
root.DianChang.d2.sensor782,FLOAT
root.DianChang.d2.sensor783,FLOAT
root.DianChang.d2.sensor784,FLOAT
root.DianChang.d2.sensor785,FLOAT
root.DianChang.d2.sensor786,FLOAT
root.DianChang.d2.sensor787,FLOAT
root.DianChang.d2.sensor788,FLOAT
root.DianChang.d2.sensor789,FLOAT
root.DianChang.d2.sensor790,FLOAT
root.DianChang.d2.sensor791,FLOAT
root.DianChang.d2.sensor792,FLOAT
root.DianChang.d2.sensor793,FLOAT
root.DianChang.d2.sensor794,FLOAT
root.DianChang.d2.sensor795,FLOAT
root.DianChang.d2.sensor796,FLOAT
root.DianChang.d2.sensor797,FLOAT
root.DianChang.d2.sensor798,FLOAT
root.DianChang.d2.sensor799,FLOAT
root.DianChang.d2.sensor800,FLOAT
root.DianChang.d2.sensor801,FLOAT
root.DianChang.d2.sensor802,FLOAT
root.DianChang.d2.sensor803,FLOAT
root.DianChang.d2.sensor804,FLOAT
root.DianChang.d2.sensor805,FLOAT
root.DianChang.d2.sensor806,FLOAT
root.DianChang.d2.sensor807,FLOAT
root.DianChang.d2.sensor808,FLOAT
root.DianChang.d2.sensor809,FLOAT
root.DianChang.d2.sensor810,FLOAT
root.DianChang.d2.sensor811,FLOAT
root.DianChang.d2.sensor812,FLOAT
root.DianChang.d2.sensor813,FLOAT
root.DianChang.d2.sensor814,FLOAT
root.DianChang.d2.sensor815,FLOAT
root.DianChang.d2.sensor816,FLOAT
root.DianChang.d2.sensor817,FLOAT
root.DianChang.d2.sensor818,FLOAT
root.DianChang.d2.sensor819,FLOAT
root.DianChang.d2.sensor820,FLOAT
root.DianChang.d2.sensor821,FLOAT
root.DianChang.d2.sensor822,FLOAT
root.DianChang.d2.sensor823,FLOAT
root.DianChang.d2.sensor824,FLOAT
root.DianChang.d2.sensor825,FLOAT
root.DianChang.d2.sensor826,FLOAT
root.DianChang.d2.sensor827,FLOAT
root.DianChang.d2.sensor828,FLOAT
root.DianChang.d2.sensor829,FLOAT
root.DianChang.d2.sensor830,FLOAT
root.DianChang.d2.sensor831,FLOAT
root.DianChang.d2.sensor832,FLOAT
root.DianChang.d2.sensor833,FLOAT
root.DianChang.d2.sensor834,FLOAT
root.DianChang.d2.sensor835,FLOAT
root.DianChang.d2.sensor836,FLOAT
root.DianChang.d2.sensor837,FLOAT
root.DianChang.d2.sensor838,FLOAT
root.DianChang.d2.sensor839,FLOAT
root.DianChang.d2.sensor840,FLOAT
root.DianChang.d2.sensor841,FLOAT
root.DianChang.d2.sensor842,FLOAT
root.DianChang.d2.sensor843,FLOAT
root.DianChang.d2.sensor844,FLOAT
root.DianChang.d2.sensor845,FLOAT
root.DianChang.d2.sensor846,FLOAT
root.DianChang.d2.sensor847,FLOAT
root.DianChang.d2.sensor848,FLOAT
root.DianChang.d2.sensor849,FLOAT
root.DianChang.d2.sensor850,FLOAT
root.DianChang.d2.sensor851,FLOAT
root.DianChang.d2.sensor852,FLOAT
root.DianChang.d2.sensor853,FLOAT
root.DianChang.d2.sensor854,FLOAT
root.DianChang.d2.sensor855,FLOAT
root.DianChang.d2.sensor856,FLOAT
root.DianChang.d2.sensor857,FLOAT
root.DianChang.d2.sensor858,FLOAT
root.DianChang.d2.sensor859,FLOAT
root.DianChang.d2.sensor860,FLOAT
root.DianChang.d2.sensor861,FLOAT
root.DianChang.d2.sensor862,FLOAT
root.DianChang.d2.sensor863,FLOAT
root.DianChang.d2.sensor864,FLOAT
root.DianChang.d2.sensor865,FLOAT
root.DianChang.d2.sensor866,FLOAT
root.DianChang.d2.sensor867,FLOAT
root.DianChang.d2.sensor868,FLOAT
root.DianChang.d2.sensor869,FLOAT
root.DianChang.d2.sensor870,FLOAT
root.DianChang.d2.sensor871,FLOAT
root.DianChang.d2.sensor872,FLOAT
root.DianChang.d2.sensor873,FLOAT
root.DianChang.d2.sensor874,FLOAT
root.DianChang.d2.sensor875,FLOAT
root.DianChang.d2.sensor876,FLOAT
root.DianChang.d2.sensor877,FLOAT
root.DianChang.d2.sensor878,FLOAT
root.DianChang.d2.sensor879,FLOAT
root.DianChang.d2.sensor880,FLOAT
root.DianChang.d2.sensor881,FLOAT
root.DianChang.d2.sensor882,FLOAT
root.DianChang.d2.sensor883,FLOAT
root.DianChang.d2.sensor884,FLOAT
root.DianChang.d2.sensor885,FLOAT
root.DianChang.d2.sensor886,FLOAT
root.DianChang.d2.sensor887,FLOAT
root.DianChang.d2.sensor888,FLOAT
root.DianChang.d2.sensor889,FLOAT
root.DianChang.d2.sensor890,FLOAT
root.DianChang.d2.sensor891,FLOAT
root.DianChang.d2.sensor892,FLOAT
root.DianChang.d2.sensor893,FLOAT
root.DianChang.d2.sensor894,FLOAT
root.DianChang.d2.sensor895,FLOAT
root.DianChang.d2.sensor896,FLOAT
root.DianChang.d2.sensor897,FLOAT
root.DianChang.d2.sensor898,FLOAT
root.DianChang.d2.sensor899,FLOAT
root.DianChang.d2.sensor900,FLOAT
root.DianChang.d2.sensor901,FLOAT
root.DianChang.d2.sensor902,FLOAT
root.DianChang.d2.sensor903,FLOAT
root.DianChang.d2.sensor904,FLOAT
root.DianChang.d2.sensor905,FLOAT
root.DianChang.d2.sensor906,FLOAT
root.DianChang.d2.sensor907,FLOAT
root.DianChang.d2.sensor908,FLOAT
root.DianChang.d2.sensor909,FLOAT
root.DianChang.d2.sensor910,FLOAT
root.DianChang.d2.sensor911,FLOAT
root.DianChang.d2.sensor912,FLOAT
root.DianChang.d2.sensor913,FLOAT
root.DianChang.d2.sensor914,FLOAT
root.DianChang.d2.sensor915,FLOAT
root.DianChang.d2.sensor916,FLOAT
root.DianChang.d2.sensor917,FLOAT
root.DianChang.d2.sensor918,FLOAT
root.DianChang.d2.sensor919,FLOAT
root.DianChang.d2.sensor920,FLOAT
root.DianChang.d2.sensor921,FLOAT
root.DianChang.d2.sensor922,FLOAT
root.DianChang.d2.sensor923,FLOAT
root.DianChang.d2.sensor924,FLOAT
root.DianChang.d2.sensor925,FLOAT
root.DianChang.d2.sensor926,FLOAT
root.DianChang.d2.sensor927,FLOAT
root.DianChang.d2.sensor928,FLOAT
root.DianChang.d2.sensor929,FLOAT
root.DianChang.d2.sensor930,FLOAT
root.DianChang.d2.sensor931,FLOAT
root.DianChang.d2.sensor932,FLOAT
root.DianChang.d2.sensor933,FLOAT
root.DianChang.d2.sensor934,FLOAT
root.DianChang.d2.sensor935,FLOAT
root.DianChang.d2.sensor936,FLOAT
root.DianChang.d2.sensor937,FLOAT
root.DianChang.d2.sensor938,FLOAT
root.DianChang.d2.sensor939,FLOAT
root.DianChang.d2.sensor940,FLOAT
root.DianChang.d2.sensor941,FLOAT
root.DianChang.d2.sensor942,FLOAT
root.DianChang.d2.sensor943,FLOAT
root.DianChang.d2.sensor944,FLOAT
root.DianChang.d2.sensor945,FLOAT
root.DianChang.d2.sensor946,FLOAT
root.DianChang.d2.sensor947,FLOAT
root.DianChang.d2.sensor948,FLOAT
root.DianChang.d2.sensor949,FLOAT
root.DianChang.d2.sensor950,FLOAT
root.DianChang.d2.sensor951,FLOAT
root.DianChang.d2.sensor952,FLOAT
root.DianChang.d2.sensor953,FLOAT
root.DianChang.d2.sensor954,FLOAT
root.DianChang.d2.sensor955,FLOAT
root.DianChang.d2.sensor956,FLOAT
root.DianChang.d2.sensor957,FLOAT
root.DianChang.d2.sensor958,FLOAT
root.DianChang.d2.sensor959,FLOAT
root.DianChang.d2.sensor960,FLOAT
root.DianChang.d2.sensor961,FLOAT
root.DianChang.d2.sensor962,FLOAT
root.DianChang.d2.sensor963,FLOAT
root.DianChang.d2.sensor964,FLOAT
root.DianChang.d2.sensor965,FLOAT
root.DianChang.d2.sensor966,FLOAT
root.DianChang.d2.sensor967,FLOAT
root.DianChang.d2.sensor968,FLOAT
root.DianChang.d2.sensor969,FLOAT
root.DianChang.d2.sensor970,FLOAT
root.DianChang.d2.sensor971,FLOAT
root.DianChang.d2.sensor972,FLOAT
root.DianChang.d2.sensor973,FLOAT
root.DianChang.d2.sensor974,FLOAT
root.DianChang.d2.sensor975,FLOAT
root.DianChang.d2.sensor976,FLOAT
root.DianChang.d2.sensor977,FLOAT
root.DianChang.d2.sensor978,FLOAT
root.DianChang.d2.sensor979,FLOAT
root.DianChang.d2.sensor980,FLOAT
root.DianChang.d2.sensor981,FLOAT
root.DianChang.d2.sensor982,FLOAT
root.DianChang.d2.sensor983,FLOAT
root.DianChang.d2.sensor984,FLOAT
root.DianChang.d2.sensor985,FLOAT
root.DianChang.d2.sensor986,FLOAT
root.DianChang.d2.sensor987,FLOAT
root.DianChang.d2.sensor988,FLOAT
root.DianChang.d2.sensor989,FLOAT
root.DianChang.d2.sensor990,FLOAT
root.DianChang.d2.sensor991,FLOAT
root.DianChang.d2.sensor992,FLOAT
root.DianChang.d2.sensor993,FLOAT
root.DianChang.d2.sensor994,FLOAT
root.DianChang.d2.sensor995,FLOAT
root.DianChang.d2.sensor996,FLOAT
root.DianChang.d2.sensor997,FLOAT
root.DianChang.d2.sensor998,FLOAT
root.DianChang.d2.sensor999,FLOAT
root.DianChang.d2.sensor1000,FLOAT